{
  "HorizonLayout": [
    {
      "layout": "logo",
      "showLogo": true,
      "showMenu": true,
      "showSearch": false
    },
    {
      "layout": "header_text",
      "paddingLeft": 20.0,
      "fontSize": 20.0,
      "isSafeArea": false,
      "font": "Raleway",
      "title": "Explore daily recipe within a tap"
    },

    {
      "layout": "bannerImage",
      "isSlider": true,
      "design": "default",
      "showBackGround": true,
      "radius": 2.0,

      "items": [
        {
          "blog_category": 40,
          "image": "https://images.unsplash.com/photo-1448131063153-f1e240f98a72?ixlib=rb-1.2.1&ixid=eyJhcHBfaWQiOjEyMDd9&auto=format&fit=crop&w=500&q=60",
          "padding": 15.0
        },
        {
          "blog_category": 41,
          "image": "https://images.unsplash.com/photo-1496318447583-f524534e9ce1?ixlib=rb-1.2.1&ixid=eyJhcHBfaWQiOjEyMDd9&auto=format&fit=crop&w=500&q=60",
          "padding": 15.0
        },
        {
          "blog_category": 31,
          "image": "https://images.unsplash.com/photo-1558920558-fb0345e52561?ixlib=rb-1.2.1&ixid=eyJhcHBfaWQiOjEyMDd9&auto=format&fit=crop&w=500&q=60",
          "padding": 15.0
        }
      ]
    },

    {
      "layout": "largeCardHorizontalListItems",
      "imageBorder": 20,
      "category": 41,
      "name": "Popular dishes"
    },
    {
      "layout": "sliderList",
      "type": "",
      "name": "Greatest Videos",
      "category": 34
    },
    {
      "layout": "sliderList",
      "type": "imageOnTheRight",
      "name": "Recent Recipe",
      "category": 31,
      "imageBorder": 20
    },
    {
      "layout": "sliderItem",

      "name": "Recent Recipe",
      "category": 40
    },
    {
      "name": "Food For Kids",
      "image": "",
      "layout": "card",
      "category": 31
    },
    {
      "name": "Healthy Foods",
      "image": "",
      "layout": "twoColumn",
      "category": 31
    },
    {
      "name": "Sweetie Sweet Sweet",
      "image": "",
      "layout": "fourColumn",
      "category": 31
    },
    {
      "name": "Community Sharing",
      "image": "",
      "layout": "staggered",
      "category": 31
    }
  ],
  "Setting": {
    "MainColor": "#3FC1BE",
    "ProductListLayout": "list"
  },
  "TabBar": [
    {
      "layout": "home",
      "icon": "assets/icons/tabs/icon-home.png"
    },
    {
      "layout": "category",
      "categoryLayout": "card",
      "icon": "assets/icons/tabs/icon-category.png",
      "showSearch": false
    },
    {
      "layout": "search",
      "icon": "assets/icons/tabs/icon-search.png"
    },
    {
      "layout": "wishlist",
      "icon": "assets/icons/tabs/icon-heartthin.png"
    },
    {
      "layout": "profile",
      "icon": "assets/icons/tabs/icon-user.png",
      "showChat": true
    }
  ],
  "SplashScreen": {
    "type": "animated",
    "data": "assets/images/splashscreen.png"
  }
}
