{
  "HorizonLayout": [
    {
      "layout": "logo",
      "showMenu": true
    },
    {
      "layout": "header_text",
      "paddingLeft": 20.0,
      "fontSize": 20.0,
      "isSafeArea": false,
      "font": "Raleway",
      "title": "Explore daily recipe within a tap"
    },

    {
      "layout": "bannerImage",
      "isSlider": true,
      "design": "default",
      "showBackGround": true,
      "radius": 2.0,

      "items": [
        {
          "category": 40,
          "image": "https://images.unsplash.com/photo-1448131063153-f1e240f98a72?ixlib=rb-1.2.1&ixid=eyJhcHBfaWQiOjEyMDd9&auto=format&fit=crop&w=500&q=60",
          "padding": 15.0
        },
        {
          "category": 41,
          "image": "https://images.unsplash.com/photo-1496318447583-f524534e9ce1?ixlib=rb-1.2.1&ixid=eyJhcHBfaWQiOjEyMDd9&auto=format&fit=crop&w=500&q=60",
          "padding": 15.0
        },
        {
          "category": 31,
          "image": "https://images.unsplash.com/photo-1558920558-fb0345e52561?ixlib=rb-1.2.1&ixid=eyJhcHBfaWQiOjEyMDd9&auto=format&fit=crop&w=500&q=60",
          "padding": 15.0
        }
      ]
    },

    {
      "layout": "largeCardHorizontalListItems",
      "imageBorder": 20.0,
      "category": 41,
      "name": "Món Ăn Nổi Bật"
    },
    {
      "layout": "sliderList",
      "type": "",
      "name": "Video Nấu Ăn",
      "category": 34
    },
    {
      "layout": "sliderList",
      "type": "imageOnTheRight",
      "name": "Công Thức Nổi Bật",
      "category": 31
    },
    {
      "layout": "sliderItem",

      "name": "Công Thức Mới Nhất",
      "category": 40
    },
    {
      "name": "Món Ngon Cho Trẻ",
      "image": "",
      "layout": "card",
      "category": 31
    },
    {
      "name": "Món Ăn Tốt Cho Sức Khỏe",
      "image": "",
      "layout": "twoColumn",
      "category": 31
    },
    {
      "name": "Đồ Ngọt",
      "image": "",
      "layout": "fourColumn",
      "category": 31
    },
    {
      "name": "Chia Sẻ Từ Cộng Đồng",
      "image": "",
      "layout": "staggered",
      "category": 31
    }
  ],
  "Setting": {
    "MainColor": "#3FC1BE",
    "ProductListLayout": "list"
  },
  "TabBar": [
    {
      "layout": "home",
      "icon": "assets/icons/tabs/icon-home.png"
    },
    {
      "layout": "category",
      "categoryLayout": "card",
      "icon": "assets/icons/tabs/icon-category.png"
    },
    {
      "layout": "search",
      "icon": "assets/icons/tabs/icon-search.png"
    },
    {
      "layout": "wishlist",
      "icon": "assets/icons/tabs/icon-heartthin.png"
    },
    {
      "layout": "profile",
      "icon": "assets/icons/tabs/icon-user.png"
    }
  ]
}
