{
  "HorizonLayout": [
    {
      "layout": "logo",
      "showMenu": true,
      "showSearch": true,
      "showLogo": true
    },
    {
      "layout": "category",
      "type": "icon",
      "wrap": false,
      "size": 1.0,
      "radius": 50.0,
      "items": [
        {
          "category": 18,
          "image": "https://user-images.githubusercontent.com/1459805/62820029-2e679f00-bb88-11e9-80de-fdf115cfd942.png",
          "colors": [
            "#3CC2BF",
            "#3CC2BF"
          ],
          "originalColor": false
        },
        {
          "category": 24,
          "label": "Bag",
          "image": "https://trello.com/1/cards/60a62a9bca5053572a669dee/attachments/60a62abccf14cb63646c1706/previews/60a62abdcf14cb63646c1728/download/ic_dress.png",
          "colors": [
            "#3E6AB5",
            "#3E6AB5"
          ]
        },
        {
          "category": 25,
          "label": "Blazers",
          "image": "https://trello.com/1/cards/60a62a9bca5053572a669dee/attachments/60a62ac38749561a23fed73c/previews/60a62ac38749561a23fed76d/download/ic_shorts.png",
          "colors": [
            "#53A2CC",
            "#53A2CC"
          ]
        },
        {
          "category": 28,
          "label": "Shoes",
          "image": "https://trello.com/1/cards/60a62a9bca5053572a669dee/attachments/60a62ac27eb3b0027e045f80/previews/60a62ac27eb3b0027e045fee/download/ic_shoes.png",
          "colors": [
            "#53688A",
            "#53688A"
          ]
        },
        {
          "category": 29,
          "label": "Jeans",
          "image": "https://trello.com/1/cards/60a62a9bca5053572a669dee/attachments/60a62ac568d4170599acd4ca/previews/60a62ac568d4170599acd4dd/download/ic_tie.png",
          "colors": [
            "#43506A",
            "#43506A"
          ]
        },
        {
          "category": 30,
          "label": "Jeans Man",
          "image": "https://trello.com/1/cards/60a62a9bca5053572a669dee/attachments/60a62ac048c3790a65a5f75f/previews/60a62ac048c3790a65a5f763/download/ic_panties.png",
          "colors": [
            "#12B58C",
            "#12B58C"
          ]
        }
      ]
    },
    {
      "layout": "bannerImage",
      "isSlider": true,
      "autoPlay": false,
      "showNumber": false,
      "design": "default",
      "showBackGround": true,
      "radius": 2.0,
      "items": [
        {
          "category": 29,
          "image": "https://trello.com/1/cards/5f8fe6093cd3ef24d9ede5f5/attachments/5f8fe62076ec8884a587b043/previews/5f8fe62176ec8884a587b05c/download/Mobile_Template_1b.png",
          "padding": 15.0
        },
        {
          "category": 28,
          "image": "https://user-images.githubusercontent.com/1459805/59846818-12672e80-938b-11e9-8184-5f7bfe66f1a2.png",
          "padding": 15.0
        },
        {
          "product": 30,
          "image": "https://user-images.githubusercontent.com/1459805/60091808-a19b8a00-976f-11e9-9cc7-576ca05c2442.png",
          "padding": 15.0
        }
      ]
    },
    {
      "key": "v14g5clzc34tf8",
      "name": "On Sale Today ⚡️",
      "layout": "saleOff",
      "isSnapping": true,
      "rows": 1,
      "columns": 0,
      "imageBoxfit": "cover",
      "imageRatio": 1.2,
      "hMargin": 9.0,
      "vMargin": 30.0,
      "hPadding": 8.0,
      "vPadding": 6.0,
      "pos": 400,
      "showStockStatus": false,
      "enableRating": true,
      "hideTitle": false,
      "hideStore": false,
      "onSale": true,
      "hidePrice": false,
      "featured": false,
      "showHeart": true,
      "showCartButton": false,
      "cartIconRadius": 9.0,
      "showQuantity": false,
      "showCartIconColor": false,
      "showCartIcon": false,
      "enableBottomAddToCart": false,
      "cardDesign": "card",
      "borderRadius": 12.0,
      "backgroundRadius": 0.0,
      "showCartButtonWithQuantity": false,
      "category": "26",
      "tag": null,
      "showCountDown": true,
      "backgroundColor": "ffF1F8FA",
      "backgroundImage": "https://trello.com/1/cards/6237d7a3eb71c81e0a45964b/attachments/626281b57aedd4517a682e40/previews/626281b67aedd4517a682e5a/download/sale4.png",
      "spaceWidth": 130.0,
      "backgroundHeight": 288.0,
      "backgroundBoxFit": "contain",
      "parallax": true,
      "parallaxImageRatio": 1.2,
      "boxShadow": {
        "blurRadius": 14.0,
        "colorOpacity": 0.1,
        "spreadRadius": 10.0,
        "x": 0.0,
        "y": 6.0
      },
      "hideEmptyProductLayout": false
    },
    {
      "name": "Man Collections",
      "image": "",
      "layout": "twoColumn",
      "category": 21
    },
    {
      "layout": "bannerImage",
      "design": "static",
      "fit": "fitWidth",
      "marginLeft": 0.0,
      "items": [
        {
          "image": "https://trello.com/1/cards/5fb8de4a9ffe12204a2a3607/attachments/5fb8de57d9356e0af474cc94/previews/5fb8de58d9356e0af474cca0/download/image.png",
          "coupon": "blackf",
          "padding": 15.0,
          "radius": 9.0
        }
      ],
      "marginBottom": 0.0,
      "height": 0.15,
      "marginRight": 0.0,
      "marginTop": 20.0
    },
    {
      "name": "Recent View",
      "layout": "recentView"
    },
    {
      "name": "Our Blog Posts",
      "layout": "blog"
    },
    {
      "name": "New Collections",
      "layout": "staggered",
      "limit": 20,
      "category": 29
    }
  ],
  "Setting": {
    "MainColor": "#3FC1BE",
    "FontFamily": "Roboto",
    "FontHeader": "Raleway",
    "ProductListLayout": "list",
    "StickyHeader": false,
    "ShowChat": true,
    "useMaterial3": false,
    "AgeRestriction": {
      "enable": false,
      "imageUrl": "",
      "backgroundImageUrl": "",
      "title": "Welcome to our shop\nYou must be 21 or older to enter",
      "deniedMessage": "You are not of legal age to use this application",
      "hintMessage": "What is your year of birth?",
      "minimumAge": 21,
      "useLogo": true,
      "alwaysShowUponOpen": true
    },
    "SmartEngagementBanner": {
      "popup": {
        "enable": false,
        "data": {
          "layout": "bannerImage",
          "design": "static",
          "fit": "fitHeight",
          "marginLeft": null,
          "items": [
            {
              "image": "https://i.imgur.com/ZL1LO75.png",
              "showSubcategory": false,
              "bannerWithProduct": false,
              "defaultShowProduct": false,
              "products": [],
              "category": "22",
              "padding": 0.0
            }
          ],
          "marginBottom": 10.0,
          "height": 0.45,
          "marginRight": null,
          "marginTop": 10.0,
          "enableParallax": false,
          "parallaxImageRatio": 1.2,
          "isHorizontal": false,
          "parallax": false,
          "key": "p2oq4zc4hg"
        },
        "alwaysShowUponOpen": true,
        "closePosition": "topRight",
        "updatedTime": 1661314494281
      },
      "flexible": {
        "enable": false,
        "data": {
          "alignment": "topCenter",
          "marginTop": 0.0,
          "marginBottom": 0.0,
          "items": [
            {
              "image": "https://assets9.lottiefiles.com/private_files/lf30_a4mKwA.json",
              "width": 100.0,
              "height": 80.0,
              "borderRadius": 2.0,
              "marginLeft": 0.0,
              "marginRight": 0.0,
              "textFontSize": 14.0,
              "useMaxWidth": true,
              "navigator": {
                "showSubcategory": false,
                "coupon": "blackf"
              }
            }
          ],
          "layout": "button"
        },
        "canDrag": true,
        "canClose": true,
        "width": 100.0,
        "height": 100.0
      },
      "sticky": {
        "enable": false,
        "data": {
          "layout": "bannerImage",
          "design": "static",
          "fit": "fitWidth",
          "marginLeft": 10.0,
          "items": [
            {
              "image": "https://i.imgur.com/LUaEM3v.jpeg",
              "showSubcategory": false,
              "bannerWithProduct": false,
              "defaultShowProduct": false,
              "products": [],
              "coupon": "halfprice",
              "padding": 0.0,
              "radius": 9.0
            }
          ],
          "marginBottom": 10.0,
          "marginRight": 10.0,
          "marginTop": 10.0,
          "height": 0.2,
          "enableParallax": false,
          "parallaxImageRatio": 1.2,
          "isHorizontal": false,
          "parallax": false,
          "key": "ga8oe39k5t"
        }
      }
    }
  },
  "TabBar": [
    {
      "layout": "home",
      "icon": "assets/icons/tabs/icon-home.png"
    },
    {
      "layout": "videos",
      "icon": "assets/icons/tabs/icon-videos.png"
    },
    {
      "layout": "category",
      "categoryLayout": "card",
      "icon": "assets/icons/tabs/icon-category.png"
    },
    {
      "layout": "cart",
      "icon": "assets/icons/tabs/icon-cart2.png"
    },
    {
      "layout": "profile",
      "icon": "assets/icons/tabs/icon-user.png",
      "showChat": true
    }
  ],
  "searchSuggestion": [
    "Here are some suggestions:",
    "Print",
    "T-Shirt",
    "Jersey",
    "Hoodie"
  ],
  "overrideTranslation": {
    "@@locale": "en",
    "myCart": "My Cart",
    "sold": "Sold: {numberOfUnitsSold}"
  }
}