{"HorizonLayout":[{"image":"https://trello.com/1/cards/68884698e3736dc30bd7b4a0/attachments/688a860be6d7b84ddf501d10/download/New_Project_(1).png","layout":"logo","opacity":1,"iconSize":25,"logoSize":100,"menuIcon":{"name":"blur_on","fontFamily":"MaterialIcons"},"showCart":false,"showLogo":true,"showMenu":true,"iconRadius":8,"showSearch":true,"iconOpacity":0.1,"showBadgeCart":false,"iconSpreadRadius":1,"showNotification":false},{"name":"ویژه ها","type":"blog","layout":"card","radius":0,"hMargin":6,"include":[],"padding":16,"vMargin":0,"category":"4","hideDate":false,"hideTitle":false,"cardDesign":"simple","hideAuthor":false,"isSnapping":false,"hideComment":false,"imageBorder":3,"innerPadding":16,"showOnlyImage":false,"enableBackground":false,"enableAutoSliding":false},{"name":"کشاورزی","type":"blog","layout":"card","radius":0,"hMargin":6,"include":[],"padding":16,"vMargin":0,"category":"7","hideDate":false,"hideTitle":false,"cardDesign":"simple","hideAuthor":false,"isSnapping":false,"hideComment":false,"imageBorder":3,"innerPadding":16,"showOnlyImage":false,"enableBackground":false,"enableAutoSliding":false}],"Setting":{"StickyHeader":false,"ProductListLayout":"list"},"TabBar":[{"key":"p1q235ba14","pos":100,"icon":"home","layout":"home","fontFamily":"CupertinoIcons"},{"key":"hwu0rkrizt","pos":200,"icon":"rectangle_grid_1x2","images":{"6":{"name":"group_solid","fontFamily":"CupertinoIcons"},"8":{"name":"money_dollar_circle_fill","fontFamily":"CupertinoIcons"}},"layout":"category","parallax":false,"categories":["4","6","8","5","1","7","3"],"defaultTab":false,"fontFamily":"CupertinoIcons","fullscreen":false,"showQRCode":true,"showSearch":true,"categoryLayout":"card","showOriginalColor":false,"parallaxImageRatio":1.2},{"key":"69jw5yx12d","pos":500,"icon":"person","layout":"profile","settings":["notifications","post"],"styleItem":"flat","defaultTab":false,"fontFamily":"CupertinoIcons","fullscreen":false,"showBackground":true,"showOriginalColor":false,"subGeneralSetting":{"web-EgWhBKHqgW":{"id":"web-12","icon":"news","title":"","buttons":[],"enableClose":false,"webViewMode":false,"bannerHeight":15,"useTabScreen":false,"enableDivider":false,"enableForward":false,"requiredLogin":false,"enableBackward":true,"iconFontFamily":"CupertinoIcons","buttonAlignment":"centerLeft"}}}],"AppBar":null,"VerticalLayout":{"key":"yTpxdFRjEE","name":"همه خبرها","rows":1,"layout":"list","onSale":false,"columns":3,"hMargin":6,"orderby":"date","shuffle":null,"useSort":false,"vMargin":0,"hPadding":6,"parallax":false,"vPadding":2,"hidePrice":false,"hideStore":false,"hideTitle":false,"showHeart":false,"cardDesign":"card","imageRatio":1.2,"isSnapping":false,"isVertical":true,"imageBoxfit":"cover","borderRadius":3,"enableRating":true,"showCartIcon":true,"showCategory":false,"showQuantity":false,"openInWebview":false,"showCountDown":false,"showOnlyImage":false,"advancedParams":{},"cartIconRadius":9,"categoryConfig":null,"showCartButton":false,"showStockStatus":false,"backgroundRadius":10,"enableAutoSliding":false,"showCartIconColor":false,"useCircularRadius":true,"parallaxImageRatio":1.2,"enableBottomAddToCart":true,"productListItemHeight":125,"cartButtonQuantitySize":40,"hideEmptyProductLayout":false,"hideEmptyProductListRating":false,"showCartButtonWithQuantity":false},"Drawer":{"logo":"assets/images/logo.png","items":[{"show":true,"type":"home"},{"show":true,"type":"categories"},{"show":true,"type":"profile"},{"show":true,"type":"login"},{"show":true,"type":"category"}],"enable":false,"filter":0,"logoDark":null,"safeArea":false,"iconColor":null,"textColor":null,"logoConfig":{"boxFit":"cover","height":38,"marginTop":60,"marginLeft":5,"marginRight":0,"marginBottom":10},"zoomConfig":null,"colorFilter":null,"subDrawerItem":{},"backgroundColor":null,"backgroundImage":null}}