{
  "HorizonLayout": [
    {
      "layout": "logo",
      "showMenu": true,
      "showSearch": true,
      "showLogo": true,
      "enableBackground": true
    },
    {
      "layout": "category",
      "type": "icon",
      "useFor": "mobile",
      "wrap": false,
      "size": 1.0,
      "radius": 50.0,
      "enableBackground": true,
      "items": [
        {
          "category": 36,
          "image": "https://user-images.githubusercontent.com/1459805/62820029-2e679f00-bb88-11e9-80de-fdf115cfd942.png",
          "colors": [
            "#3CC2BF",
            "#3CC2BF"
          ],
          "originalColor": false
        },
        {
          "category": 37,
          "label": "బ్యాగ్",
          "image": "https://trello.com/1/cards/60a62a9bca5053572a669dee/attachments/60a62abccf14cb63646c1706/previews/60a62abdcf14cb63646c1728/download/ic_dress.png",
          "colors": [
            "#3E6AB5",
            "#3E6AB5"
          ]
        },
        {
          "category": 20,
          "label": "బ్లేజర్లు",
          "image": "https://trello.com/1/cards/60a62a9bca5053572a669dee/attachments/60a62ac38749561a23fed73c/previews/60a62ac38749561a23fed76d/download/ic_shorts.png",
          "colors": [
            "#53A2CC",
            "#53A2CC"
          ]
        },
        {
          "category": 21,
          "label": "చెక్కిలి",
          "image": "https://trello.com/1/cards/60a62a9bca5053572a669dee/attachments/60a62ac27eb3b0027e045f80/previews/60a62ac27eb3b0027e045fee/download/ic_shoes.png",
          "colors": [
            "#53688A",
            "#53688A"
          ]
        },
        {
          "category": 18,
          "label": "జీన్స్",
          "image": "https://trello.com/1/cards/60a62a9bca5053572a669dee/attachments/60a62ac568d4170599acd4ca/previews/60a62ac568d4170599acd4dd/download/ic_tie.png",
          "colors": [
            "#43506A",
            "#43506A"
          ]
        },
        {
          "category": 46,
          "label": "జీన్స్ మాన్",
          "image": "https://trello.com/1/cards/60a62a9bca5053572a669dee/attachments/60a62ac048c3790a65a5f75f/previews/60a62ac048c3790a65a5f763/download/ic_panties.png",
          "colors": [
            "#12B58C",
            "#12B58C"
          ]
        }
      ]
    },
    {
      "layout": "bannerImage",
      "isSlider": true,
      "autoPlay": false,
      "showNumber": false,
      "design": "default",
      "showBackGround": true,
      "radius": 2.0,
      "enableBackground": true,
      "items": [
        {
          "category": 18,
          "image": "https://trello.com/1/cards/5f8fe6093cd3ef24d9ede5f5/attachments/5f8fe62076ec8884a587b043/previews/5f8fe62176ec8884a587b05c/download/Mobile_Template_1b.png",
          "padding": 15.0
        },
        {
          "category": 21,
          "image": "https://user-images.githubusercontent.com/1459805/59846818-12672e80-938b-11e9-8184-5f7bfe66f1a2.png",
          "padding": 15.0
        },
        {
          "product": 15,
          "image": "https://user-images.githubusercontent.com/1459805/60091808-a19b8a00-976f-11e9-9cc7-576ca05c2442.png",
          "padding": 15.0
        }
      ],
      "itemsWeb": [
        {
          "category": 18,
          "image": "https://cln.sh/41hyDrzG+",
          "padding": 15.0
        },
        {
          "category": 21,
          "image": "https://cln.sh/5nl2ZsKG+",
          "padding": 15.0
        },
        {
          "product": 15,
          "image": "https://cln.sh/q24Xpr1c+",
          "padding": 15.0
        }
      ]
    },
    {
      "layout": "category",
      "type": "twoRow",
      "wrap": true,
      "useFor": "web",
      "showShortDescription": true,
      "size": 1.0,
      "radius": 150.0,
      "title": "వర్గాల ద్వారా షాపింగ్",
      "spacing": 12.0,
      "items": [
        {
          "category": "20",
          "image": "https://mstore.io/wp-content/uploads/2017/06/poster.png",
          "showText": true,
          "originalColor": true,
          "keepDefaultTitle": false,
          "showDescription": false,
          "productType": false,
          "title": "బ్లేజర్లు",
          "onSale": false,
          "isFeatured": false
        },
        {
          "category": "18",
          "image": "https://images.unsplash.com/photo-1475178626620-a4d074967452?ixlib=rb-1.2.1&ixid=MnwxMjA3fDB8MHxwaG90by1wYWdlfHx8fGVufDB8fHx8&auto=format&fit=crop&w=686&q=80",
          "showText": true,
          "originalColor": true,
          "keepDefaultTitle": false,
          "showDescription": false,
          "productType": false,
          "title": "జీన్స్",
          "onSale": false,
          "isFeatured": false
        },
        {
          "category": "21",
          "image": "https://images.unsplash.com/photo-1594587639781-a68a2796bb90?ixlib=rb-1.2.1&ixid=MnwxMjA3fDB8MHxwaG90by1wYWdlfHx8fGVufDB8fHx8&auto=format&fit=crop&w=687&q=80",
          "showText": true,
          "originalColor": true,
          "keepDefaultTitle": false,
          "showDescription": false,
          "productType": false,
          "title": "జాకెట్",
          "onSale": false,
          "isFeatured": false
        },
        {
          "category": "36",
          "image": "https://images.unsplash.com/photo-1594938298603-c8148c4dae35?ixlib=rb-1.2.1&ixid=MnwxMjA3fDB8MHxwaG90by1wYWdlfHx8fGVufDB8fHx8&auto=format&fit=crop&w=1160&q=80",
          "showText": true,
          "originalColor": true,
          "keepDefaultTitle": false,
          "showDescription": false,
          "productType": false,
          "title": "సూట్",
          "onSale": false,
          "isFeatured": false
        },
        {
          "category": "22",
          "image": "https://images.unsplash.com/photo-1618932260643-eee4a2f652a6?ixlib=rb-1.2.1&ixid=MnwxMjA3fDB8MHxwaG90by1wYWdlfHx8fGVufDB8fHx8&auto=format&fit=crop&w=780&q=80",
          "showText": true,
          "originalColor": true,
          "keepDefaultTitle": false,
          "showDescription": false,
          "productType": false,
          "title": "డ్రెస్",
          "onSale": false,
          "isFeatured": false
        },
        {
          "category": "37",
          "image": "https://images.unsplash.com/photo-1590874103328-eac38a683ce7?ixlib=rb-1.2.1&ixid=MnwxMjA3fDB8MHxwaG90by1wYWdlfHx8fGVufDB8fHx8&auto=format&fit=crop&w=738&q=80",
          "showText": true,
          "originalColor": true,
          "keepDefaultTitle": false,
          "showDescription": false,
          "productType": false,
          "title": "బ్యాగ్",
          "onSale": false,
          "isFeatured": false
        },
        {
          "category": "49",
          "image": "https://images.unsplash.com/photo-1572635196237-14b3f281503f?ixlib=rb-1.2.1&ixid=MnwxMjA3fDB8MHxwaG90by1wYWdlfHx8fGVufDB8fHx8&auto=format&fit=crop&w=1160&q=80",
          "showText": true,
          "originalColor": true,
          "keepDefaultTitle": false,
          "showDescription": false,
          "productType": false,
          "title": "గ్లాసెస్",
          "onSale": false,
          "isFeatured": false
        },
        {
          "category": "17",
          "image": "https://images.unsplash.com/photo-1531399395381-6603d3b9899f?ixlib=rb-1.2.1&ixid=MnwxMjA3fDB8MHxwaG90by1wYWdlfHx8fGVufDB8fHx8&auto=format&fit=crop&w=719&q=80",
          "showText": true,
          "originalColor": true,
          "keepDefaultTitle": false,
          "showDescription": false,
          "productType": false,
          "title": "హాట్",
          "onSale": false,
          "isFeatured": false
        },
        {
          "category": "30",
          "image": "https://images.unsplash.com/photo-1604508230015-5a54faf1fa56?ixlib=rb-1.2.1&ixid=MnwxMjA3fDB8MHxwaG90by1wYWdlfHx8fGVufDB8fHx8&auto=format&fit=crop&w=687&q=80",
          "showText": true,
          "originalColor": true,
          "keepDefaultTitle": false,
          "showDescription": false,
          "productType": false,
          "title": "టీ-షర్ట్",
          "onSale": false,
          "isFeatured": false
        },
        {
          "category": "18",
          "image": "https://images.unsplash.com/photo-1475178626620-a4d074967452?ixlib=rb-1.2.1&ixid=MnwxMjA3fDB8MHxwaG90by1wYWdlfHx8fGVufDB8fHx8&auto=format&fit=crop&w=686&q=80",
          "showText": true,
          "originalColor": true,
          "keepDefaultTitle": false,
          "showDescription": false,
          "productType": false,
          "title": "జీన్స్",
          "onSale": false,
          "isFeatured": false
        }
      ],
      "line": false,
      "marginLeft": 16.0,
      "marginRight": 16.0,
      "marginTop": 10.0,
      "marginBottom": 10.0,
      "paddingX": 10.0,
      "paddingY": 10.0,
      "marginX": 0.0,
      "marginY": 0.0,
      "hideTitle": false,
      "noBackground": false,
      "imageBorderWidth": 0.0,
      "imageBorderColor": "ffe61a00",
      "imageBorderStyle": "dot",
      "imageSpacing": 0.0,
      "border": 0.6,
      "enableBorder": false,
      "textAlignment": "topCenter",
      "imageBoxFit": "fitWidth",
      "columns": 4,
      "itemSize": {
        "width": 270.0,
        "height": 118.0
      }
    },
    {
      "key": "v14g5clzc34tf8",
      "name": "ఇప్పుడే అమ్మకానికి ⚡️",
      "layout": "saleOff",
      "isSnapping": true,
      "rows": 1,
      "columns": 0,
      "imageBoxfit": "cover",
      "imageRatio": 1.2,
      "hMargin": 9.0,
      "vMargin": 30.0,
      "hPadding": 8.0,
      "vPadding": 6.0,
      "pos": 400,
      "showStockStatus": false,
      "enableRating": true,
      "hideTitle": false,
      "hideStore": false,
      "onSale": true,
      "hidePrice": false,
      "featured": false,
      "showHeart": true,
      "showCartButton": false,
      "cartIconRadius": 9.0,
      "showQuantity": false,
      "showCartIconColor": false,
      "showCartIcon": false,
      "enableBottomAddToCart": false,
      "cardDesign": "card",
      "borderRadius": 12.0,
      "backgroundRadius": 0.0,
      "showCartButtonWithQuantity": false,
      "category": null,
      "tag": null,
      "showCountDown": true,
      "backgroundColor": "ffF1F8FA",
      "backgroundImage": "https://trello.com/1/cards/6237d7a3eb71c81e0a45964b/attachments/626281b57aedd4517a682e40/previews/626281b67aedd4517a682e5a/download/sale4.png",
      "spaceWidth": 130.0,
      "backgroundHeight": 288.0,
      "backgroundBoxFit": "contain",
      "parallax": true,
      "parallaxImageRatio": 1.2,
      "boxShadow": {
        "blurRadius": 14.0,
        "colorOpacity": 0.1,
        "spreadRadius": 10.0,
        "x": 0.0,
        "y": 6.0
      },
      "hideEmptyProductLayout": false,
      "enableBackground": true
    },
    {
      "name": "పురుషుల సేకరణలు",
      "image": "",
      "layout": "twoColumn",
      "category": 50,
      "enableBackground": true
    },
    {
      "layout": "bannerImage",
      "design": "static",
      "useFor": "mobile",
      "fit": "fitWidth",
      "marginLeft": 0.0,
      "enableBackground": true,
      "items": [
        {
          "image": "https://trello.com/1/cards/5fb8de4a9ffe12204a2a3607/attachments/5fb8de57d9356e0af474cc94/previews/5fb8de58d9356e0af474cca0/download/image.png",
          "coupon": "blackf",
          "padding": 15.0,
          "radius": 9.0
        }
      ],
      "marginBottom": 0.0,
      "height": 0.15,
      "marginRight": 0.0,
      "marginTop": 20.0
    },
    {
      "name": "ఇటీవల వీక్షణలు",
      "layout": "recentView"
    },
    {
      "name": "మా బ్లాగ్ పోస్ట్‌లు",
      "layout": "blog"
    },
    {
      "name": "కొత్త సేకరణలు",
      "layout": "staggered",
      "limit": 20,
      "category": 18
    },
    {
      "layout": "bannerGrid",
      "startImage": "https://cln.sh/v88KWKn1+",
      "endImage": "https://cln.sh/msXl6bll+",
      "centerImage": "https://cln.sh/K84GT5PB+",
      "centerTopImage": "https://cln.sh/SSXPYGCB+",
      "centerBottomImage": "https://cln.sh/MZF24H9H+",
      "borderRadius": 8.0,
      "blog": 8743
    }
  ],
  "Setting": {
    "MainColor": "#3FC1BE",
    "FontFamily": "Inter",
    "FontHeader": "Inter",
    "ProductListLayout": "list",
    "StickyHeader": false,
    "ShowChat": true,
    "useMaterial3": false,
    "AgeRestriction": {
      "enable": false,
      "imageUrl": "",
      "backgroundImageUrl": "",
      "title": "మా షాపుకు స్వాగతం\nమీరు 21 ఏళ్ల వయస్సు లేదా అంతకంటే ఎక్కువ ఉండాలి",
      "deniedMessage": "ఈ అనువర్తనాన్ని ఉపయోగించడానికి మీకు చట్టబద్ధమైన వయస్సు లేదు",
      "hintMessage": "మీ జన్మ సంవత్సరమేమిటి?",
      "minimumAge": 21,
      "useLogo": true,
      "alwaysShowUponOpen": true
    },
    "AboutUS": "https://codecanyon.net/user/inspireui",
    "Privacy": "https://inspireui.com/privacy/",
    "FAQ": "https://products.inspireui.com/have-a-question/",
    "News": "https://products.inspireui.com/",
    "Support": "https://support.inspireui.com/",
    "DownloadApp": "https://fluxstore.app/",
    "SmartEngagementBanner": {
      "popup": {
        "enable": false,
        "data": {
          "layout": "bannerImage",
          "design": "static",
          "fit": "fitHeight",
          "marginLeft": null,
          "items": [
            {
              "image": "https://i.imgur.com/ZL1LO75.png",
              "showSubcategory": false,
              "bannerWithProduct": false,
              "defaultShowProduct": false,
              "products": [],
              "category": "17",
              "padding": 0.0
            }
          ],
          "marginBottom": 10.0,
          "height": 0.45,
          "marginRight": null,
          "marginTop": 10.0,
          "enableParallax": false,
          "parallaxImageRatio": 1.2,
          "isHorizontal": false,
          "parallax": false,
          "key": "p2oq4zc4hg"
        },
        "alwaysShowUponOpen": true,
        "closePosition": "topRight",
        "updatedTime": 1661314494281
      },
      "flexible": {
        "enable": false,
        "data": {
          "alignment": "topCenter",
          "marginTop": 0.0,
          "marginBottom": 0.0,
          "items": [
            {
              "image": "https://assets9.lottiefiles.com/private_files/lf30_a4mKwA.json",
              "width": 100.0,
              "height": 80.0,
              "borderRadius": 2.0,
              "marginLeft": 0.0,
              "marginRight": 0.0,
              "textFontSize": 14.0,
              "useMaxWidth": true,
              "navigator": {
                "showSubcategory": false,
                "coupon": "blackf"
              }
            }
          ],
          "layout": "button"
        },
        "canDrag": true,
        "canClose": true,
        "width": 100.0,
        "height": 100.0
      },
      "sticky": {
        "enable": false,
        "data": {
          "layout": "bannerImage",
          "design": "static",
          "fit": "fitWidth",
          "marginLeft": 10.0,
          "items": [
            {
              "image": "https://i.imgur.com/LUaEM3v.jpeg",
              "showSubcategory": false,
              "bannerWithProduct": false,
              "defaultShowProduct": false,
              "products": [],
              "coupon": "halfprice",
              "padding": 0.0,
              "radius": 9.0
            }
          ],
          "marginBottom": 10.0,
          "marginRight": 10.0,
          "marginTop": 10.0,
          "height": 0.2,
          "enableParallax": false,
          "parallaxImageRatio": 1.2,
          "isHorizontal": false,
          "parallax": false,
          "key": "ga8oe39k5t"
        }
      }
    }
  },
  "TabBar": [
    {
      "layout": "home",
      "icon": "assets/icons/tabs/icon-home.png"
    },
    {
      "layout": "videos",
      "icon": "assets/icons/tabs/icon-videos.png"
    },
    {
      "layout": "category",
      "categoryLayout": "card",
      "icon": "assets/icons/tabs/icon-category.png"
    },
    {
      "layout": "cart",
      "icon": "assets/icons/tabs/icon-cart2.png"
    },
    {
      "layout": "profile",
      "icon": "assets/icons/tabs/icon-user.png",
      "showChat": true,
      "showBackground": true,
      "styleItem": "listTile",
      "settingStyle": "normal"
    }
  ],
  "searchSuggestion": [
    "ఇక్కడ కొన్ని సూచనలు ఉన్నాయి:",
    "ప్రింట్",
    "టీ-షర్ట్",
    "జెర్సీ",
    "హూడీ",
    "మ్యాన్",
    "వోన్మాన్",
    "చైల్డ్",
    "సేల్"
  ],
  "PrivacyPoliciesPageUrlOrId": "https://inspireui.com/privacy/",
  "MetaSeo": {
    "app": {
      "excludes": [
        "checkout"
      ],
      "config": {
        "author": "InspireUI",
        "description": "All-in-one mobile solutions and services for Startups, Developers, Entrepreneurs & more…",
        "keywords": [
          "Flutter",
          "Dart",
          "SEO",
          "Meta",
          "Web",
          "FluxStore",
          "FluxBuilder"
        ]
      }
    },
    "routes": [
      {
        "route": "dashboard",
        "config": {
          "author": "InspireUI",
          "description": "All-in-one mobile solutions and services for Startups, Developers, Entrepreneurs & more…",
          "keywords": [
            "Flutter",
            "Dart",
            "SEO",
            "Meta",
            "Web",
            "FluxStore"
          ]
        }
      }
    ]
  },
  "overrideTranslation": {
    "@@locale": "en",
    "copyright": "Copyright © 2024 InspireUI Ltd. All rights reserved."
  }
}