{
  "HorizonLayout": [
    {
      "layout": "logo",
      "showLogo": true,
      "showMenu": true,
      "showSearch": false
    },
    {
      "layout": "category",
      "type": "icon",
      "useFor": "mobile",
      "wrap": false,
      "size": 1.0,
      "radius": 50.0,
      "enableBackground": true,
      "items": [
        {
          "category": 18,
          "image": "https://user-images.githubusercontent.com/1459805/62820029-2e679f00-bb88-11e9-80de-fdf115cfd942.png",
          "colors": [
            "#3CC2BF",
            "#3CC2BF"
          ],
          "originalColor": false
        },
        {
          "category": 24,
          "label": "Bag",
          "image": "https://trello.com/1/cards/60a62a9bca5053572a669dee/attachments/60a62abccf14cb63646c1706/previews/60a62abdcf14cb63646c1728/download/ic_dress.png",
          "colors": [
            "#3E6AB5",
            "#3E6AB5"
          ]
        },
        {
          "category": 25,
          "label": "Blazers",
          "image": "https://trello.com/1/cards/60a62a9bca5053572a669dee/attachments/60a62ac38749561a23fed73c/previews/60a62ac38749561a23fed76d/download/ic_shorts.png",
          "colors": [
            "#53A2CC",
            "#53A2CC"
          ]
        },
        {
          "category": 28,
          "label": "Shoes",
          "image": "https://trello.com/1/cards/60a62a9bca5053572a669dee/attachments/60a62ac27eb3b0027e045f80/previews/60a62ac27eb3b0027e045fee/download/ic_shoes.png",
          "colors": [
            "#53688A",
            "#53688A"
          ]
        },
        {
          "category": 29,
          "label": "Jeans",
          "image": "https://trello.com/1/cards/60a62a9bca5053572a669dee/attachments/60a62ac568d4170599acd4ca/previews/60a62ac568d4170599acd4dd/download/ic_tie.png",
          "colors": [
            "#43506A",
            "#43506A"
          ]
        },
        {
          "category": 30,
          "label": "Jeans Man",
          "image": "https://trello.com/1/cards/60a62a9bca5053572a669dee/attachments/60a62ac048c3790a65a5f75f/previews/60a62ac048c3790a65a5f763/download/ic_panties.png",
          "colors": [
            "#12B58C",
            "#12B58C"
          ]
        }
      ]
    },

    {
      "layout": "bannerImage",
      "isSlider": true,
      "design": "default",
      "showBackGround": true,
      "radius": 2.0,
      "items": [
        {
          "blog_category": 40,
          "image": "https://images.unsplash.com/photo-1448131063153-f1e240f98a72?ixlib=rb-1.2.1&ixid=eyJhcHBfaWQiOjEyMDd9&auto=format&fit=crop&w=500&q=60",
          "padding": 15.0

        },
        {
          "blog_category": 41,
          "image": "https://images.unsplash.com/photo-1496318447583-f524534e9ce1?ixlib=rb-1.2.1&ixid=eyJhcHBfaWQiOjEyMDd9&auto=format&fit=crop&w=500&q=60",
          "padding": 15.0
        },
        {
          "blog_category": 31,
          "image": "https://images.unsplash.com/photo-1558920558-fb0345e52561?ixlib=rb-1.2.1&ixid=eyJhcHBfaWQiOjEyMDd9&auto=format&fit=crop&w=500&q=60",
          "padding": 15.0
        }
      ],
      "itemsWeb": [
        {
          "category": 29,
          "image": "https://cln.sh/41hyDrzG+",
          "padding": 15.0
        },
        {
          "category": 28,
          "image": "https://cln.sh/5nl2ZsKG+",
          "padding": 15.0
        },
        {
          "product": 30,
          "image": "https://cln.sh/q24Xpr1c+",
          "padding": 15.0
        }
      ]
    },

    {
      "layout": "category",
      "type": "twoRow",
      "wrap": true,
      "useFor": "web",
      "showShortDescription": true,
      "size": 1.0,
      "radius": 150.0,
      "title": "Shop by category",
      "spacing": 12.0,
      "items": [
        {
          "category": "25",
          "image": "https://mstore.io/wp-content/uploads/2017/06/poster.png",
          "showText": true,
          "originalColor": true,
          "keepDefaultTitle": false,
          "showDescription": false,
          "productType": false,
          "title": "Blazers",
          "onSale": false,
          "isFeatured": false
        },
        {
          "category": "29",
          "image": "https://images.unsplash.com/photo-1475178626620-a4d074967452?ixlib=rb-1.2.1&ixid=MnwxMjA3fDB8MHxwaG90by1wYWdlfHx8fGVufDB8fHx8&auto=format&fit=crop&w=686&q=80",
          "showText": true,
          "originalColor": true,
          "keepDefaultTitle": false,
          "showDescription": false,
          "productType": false,
          "title": "Jeans",
          "onSale": false,
          "isFeatured": false
        },
        {
          "category": "28",
          "image": "https://images.unsplash.com/photo-1594587639781-a68a2796bb90?ixlib=rb-1.2.1&ixid=MnwxMjA3fDB8MHxwaG90by1wYWdlfHx8fGVufDB8fHx8&auto=format&fit=crop&w=687&q=80",
          "showText": true,
          "originalColor": true,
          "keepDefaultTitle": false,
          "showDescription": false,
          "productType": false,
          "title": "Jacket",
          "onSale": false,
          "isFeatured": false
        },
        {
          "category": "18",
          "image": "https://images.unsplash.com/photo-1594938298603-c8148c4dae35?ixlib=rb-1.2.1&ixid=MnwxMjA3fDB8MHxwaG90by1wYWdlfHx8fGVufDB8fHx8&auto=format&fit=crop&w=1160&q=80",
          "showText": true,
          "originalColor": true,
          "keepDefaultTitle": false,
          "showDescription": false,
          "productType": false,
          "title": "Suit",
          "onSale": false,
          "isFeatured": false
        },
        {
          "category": "26",
          "image": "https://images.unsplash.com/photo-1618932260643-eee4a2f652a6?ixlib=rb-1.2.1&ixid=MnwxMjA3fDB8MHxwaG90by1wYWdlfHx8fGVufDB8fHx8&auto=format&fit=crop&w=780&q=80",
          "showText": true,
          "originalColor": true,
          "keepDefaultTitle": false,
          "showDescription": false,
          "productType": false,
          "title": "Dress",
          "onSale": false,
          "isFeatured": false
        },
        {
          "category": "24",
          "image": "https://images.unsplash.com/photo-1590874103328-eac38a683ce7?ixlib=rb-1.2.1&ixid=MnwxMjA3fDB8MHxwaG90by1wYWdlfHx8fGVufDB8fHx8&auto=format&fit=crop&w=738&q=80",
          "showText": true,
          "originalColor": true,
          "keepDefaultTitle": false,
          "showDescription": false,
          "productType": false,
          "title": "Bag",
          "onSale": false,
          "isFeatured": false
        },
        {
          "category": "20",
          "image": "https://images.unsplash.com/photo-1572635196237-14b3f281503f?ixlib=rb-1.2.1&ixid=MnwxMjA3fDB8MHxwaG90by1wYWdlfHx8fGVufDB8fHx8&auto=format&fit=crop&w=1160&q=80",
          "showText": true,
          "originalColor": true,
          "keepDefaultTitle": false,
          "showDescription": false,
          "productType": false,
          "title": "Glasses",
          "onSale": false,
          "isFeatured": false
        },
        {
          "category": "22",
          "image": "https://images.unsplash.com/photo-1531399395381-6603d3b9899f?ixlib=rb-1.2.1&ixid=MnwxMjA3fDB8MHxwaG90by1wYWdlfHx8fGVufDB8fHx8&auto=format&fit=crop&w=719&q=80",
          "showText": true,
          "originalColor": true,
          "keepDefaultTitle": false,
          "showDescription": false,
          "productType": false,
          "title": "Hat",
          "onSale": false,
          "isFeatured": false
        },
        {
          "category": "23",
          "image": "https://images.unsplash.com/photo-1604508230015-5a54faf1fa56?ixlib=rb-1.2.1&ixid=MnwxMjA3fDB8MHxwaG90by1wYWdlfHx8fGVufDB8fHx8&auto=format&fit=crop&w=687&q=80",
          "showText": true,
          "originalColor": true,
          "keepDefaultTitle": false,
          "showDescription": false,
          "productType": false,
          "title": "T-Shirt",
          "onSale": false,
          "isFeatured": false
        },
        {
          "category": "29",
          "image": "https://images.unsplash.com/photo-1475178626620-a4d074967452?ixlib=rb-1.2.1&ixid=MnwxMjA3fDB8MHxwaG90by1wYWdlfHx8fGVufDB8fHx8&auto=format&fit=crop&w=686&q=80",
          "showText": true,
          "originalColor": true,
          "keepDefaultTitle": false,
          "showDescription": false,
          "productType": false,
          "title": "Jeans",
          "onSale": false,
          "isFeatured": false
        }
      ],
      "line": false,
      "marginLeft": 16.0,
      "marginRight": 16.0,
      "marginTop": 10.0,
      "marginBottom": 10.0,
      "paddingX": 10.0,
      "paddingY": 10.0,
      "marginX": 0.0,
      "marginY": 0.0,
      "hideTitle": false,
      "noBackground": false,
      "imageBorderWidth": 0.0,
      "imageBorderColor": "ffe61a00",
      "imageBorderStyle": "dot",
      "imageSpacing": 0.0,
      "border": 0.6,
      "enableBorder": false,
      "textAlignment": "topCenter",
      "imageBoxFit": "fitWidth",
      "columns": 4,
      "itemSize": {
        "width": 270.0,
        "height": 118.0
      }
    },
    {
      "key": "v14g5clzc34tf8",
      "name": "On Sale Today ⚡️",
      "layout": "saleOff",
      "isSnapping": true,
      "rows": 1,
      "columns": 0,
      "imageBoxfit": "cover",
      "imageRatio": 1.2,
      "hMargin": 9.0,
      "vMargin": 30.0,
      "hPadding": 8.0,
      "vPadding": 6.0,
      "pos": 400,
      "showStockStatus": false,
      "enableRating": true,
      "hideTitle": false,
      "hideStore": false,
      "onSale": true,
      "hidePrice": false,
      "featured": false,
      "showHeart": true,
      "showCartButton": false,
      "cartIconRadius": 9.0,
      "showQuantity": false,
      "showCartIconColor": false,
      "showCartIcon": false,
      "enableBottomAddToCart": false,
      "cardDesign": "card",
      "borderRadius": 12.0,
      "backgroundRadius": 0.0,
      "showCartButtonWithQuantity": false,
      "category": "26",
      "tag": null,
      "showCountDown": true,
      "backgroundColor": "ffF1F8FA",
      "backgroundImage": "https://trello.com/1/cards/6237d7a3eb71c81e0a45964b/attachments/626281b57aedd4517a682e40/previews/626281b67aedd4517a682e5a/download/sale4.png",
      "spaceWidth": 130.0,
      "backgroundHeight": 288.0,
      "backgroundBoxFit": "contain",
      "parallax": true,
      "parallaxImageRatio": 1.2,
      "boxShadow": {
        "blurRadius": 14.0,
        "colorOpacity": 0.1,
        "spreadRadius": 10.0,
        "x": 0.0,
        "y": 6.0
      },
      "hideEmptyProductLayout": false,
      "enableBackground": true
    },
    {
      "layout" : "sliderList",
      "type" :"",
      "name": "Greatest Videos",
      "category": 34
    },
    {
      "layout" : "sliderList",
      "type" :"imageOnTheRight",
      "name": "Recent Recipe",
      "category": 31,
      "imageBorder": 20
    },
    {
      "layout" : "sliderItem",

      "name": "Recent Recipe",
      "category": 40
    },
    {
      "name": "Food For Kids",
      "image": "",
      "layout": "card",
      "category": 31
    },
    {
      "name": "Healthy Foods",
      "image": "",
      "layout": "twoColumn",
      "category": 31
    },
    {
      "layout": "bannerImage",
      "design": "static",
      "useFor": "mobile",
      "fit": "fitWidth",
      "marginLeft": 0.0,
      "enableBackground": true,
      "items": [
        {
          "image": "https://trello.com/1/cards/5fb8de4a9ffe12204a2a3607/attachments/5fb8de57d9356e0af474cc94/previews/5fb8de58d9356e0af474cca0/download/image.png",
          "coupon": "blackf",
          "padding": 15.0,
          "radius": 9.0
        }
      ],
      "marginBottom": 0.0,
      "height": 0.15,
      "marginRight": 0.0,
      "marginTop": 20.0
    },
    {
      "name": "Community Sharing",
      "image": "",
      "layout": "staggered",
      "limit": 20,
      "category": 29
    },
    {
      "layout": "bannerGrid",
      "startImage": "https://cln.sh/v88KWKn1+",
      "endImage": "https://cln.sh/msXl6bll+",
      "centerImage": "https://cln.sh/K84GT5PB+",
      "centerTopImage": "https://cln.sh/SSXPYGCB+",
      "centerBottomImage": "https://cln.sh/MZF24H9H+",
      "borderRadius": 8.0,
      "blog": 8743
    }


  ],
  "Setting": {
    "MainColor": "#3FC1BE",
    "FontFamily": "Inter",
    "FontHeader": "Inter",
    "ProductListLayout": "list",
    "StickyHeader": false,
    "ShowChat": true,
    "useMaterial3": false,
    "AgeRestriction": {
      "enable": false,
      "imageUrl": "",
      "backgroundImageUrl": "",
      "title": "Welcome to our shop\nYou must be 21 or older to enter",
      "deniedMessage": "You are not of legal age to use this application",
      "hintMessage": "What is your year of birth?",
      "minimumAge": 21,
      "useLogo": true,
      "alwaysShowUponOpen": true
    },
    "AboutUS": "https://codecanyon.net/user/inspireui",
    "Privacy": "https://inspireui.com/privacy/",
    "FAQ": "https://products.inspireui.com/have-a-question/",
    "News": "https://products.inspireui.com/",
    "Support": "https://support.inspireui.com/",
    "DownloadApp": "https://fluxstore.app/",
    "SmartEngagementBanner": {
      "popup": {
        "enable": false,
        "data": {
          "layout": "bannerImage",
          "design": "static",
          "fit": "fitHeight",
          "marginLeft": null,
          "items": [
            {
              "image": "https://i.imgur.com/ZL1LO75.png",
              "showSubcategory": false,
              "bannerWithProduct": false,
              "defaultShowProduct": false,
              "products": [],
              "category": "22",
              "padding": 0.0
            }
          ],
          "marginBottom": 10.0,
          "height": 0.45,
          "marginRight": null,
          "marginTop": 10.0,
          "enableParallax": false,
          "parallaxImageRatio": 1.2,
          "isHorizontal": false,
          "parallax": false,
          "key": "p2oq4zc4hg"
        },
        "alwaysShowUponOpen": true,
        "closePosition": "topRight",
        "updatedTime": 1661314494281
      },
      "flexible": {
        "enable": false,
        "data": {
          "alignment": "topCenter",
          "marginTop": 0.0,
          "marginBottom": 0.0,
          "items": [
            {
              "image": "https://assets9.lottiefiles.com/private_files/lf30_a4mKwA.json",
              "width": 100.0,
              "height": 80.0,
              "borderRadius": 2.0,
              "marginLeft": 0.0,
              "marginRight": 0.0,
              "textFontSize": 14.0,
              "useMaxWidth": true,
              "navigator": {
                "showSubcategory": false,
                "coupon": "blackf"
              }
            }
          ],
          "layout": "button"
        },
        "canDrag": true,
        "canClose": true,
        "width": 100.0,
        "height": 100.0
      },
      "sticky": {
        "enable": false,
        "data": {
          "layout": "bannerImage",
          "design": "static",
          "fit": "fitWidth",
          "marginLeft": 10.0,
          "items": [
            {
              "image": "https://i.imgur.com/LUaEM3v.jpeg",
              "showSubcategory": false,
              "bannerWithProduct": false,
              "defaultShowProduct": false,
              "products": [],
              "coupon": "halfprice",
              "padding": 0.0,
              "radius": 9.0
            }
          ],
          "marginBottom": 10.0,
          "marginRight": 10.0,
          "marginTop": 10.0,
          "height": 0.2,
          "enableParallax": false,
          "parallaxImageRatio": 1.2,
          "isHorizontal": false,
          "parallax": false,
          "key": "ga8oe39k5t"
        }
      }
    }
  },
  "TabBar": [
    {
      "layout": "home",
      "icon": "assets/icons/tabs/icon-home.png"
    },
    {
      "layout": "category",
      "categoryLayout": "card",
      "icon": "assets/icons/tabs/icon-category.png",
      "showSearch": false
    },
    {
      "layout": "search",
      "icon": "assets/icons/tabs/icon-search.png"
    },
    {
      "layout": "wishlist",
      "icon": "assets/icons/tabs/icon-heartthin.png"
    },
    {
      "layout": "profile",
      "icon": "assets/icons/tabs/icon-user.png",
      "showChat": true,
      "showBackground": true,
      "styleItem": "listTile",
      "settingStyle": "normal"
    }
  ],
  "searchSuggestion": [
    "Here are some suggestions:",
    "Print",
    "T-Shirt",
    "Jersey",
    "Hoodie",
    "Man",
    "Wonman",
    "Child",
    "Sale"
  ],
  "PrivacyPoliciesPageUrlOrId": "https://inspireui.com/privacy/",
  "MetaSeo": {
    "app": {
      "excludes": [
        "checkout"
      ],
      "config": {
        "author": "InspireUI",
        "description": "All-in-one mobile solutions and services for Startups, Developers, Entrepreneurs & more…",
        "keywords": [
          "Flutter",
          "Dart",
          "SEO",
          "Meta",
          "Web",
          "FluxStore",
          "FluxBuilder"
        ]
      }
    },
    "routes": [
      {
        "route": "dashboard",
        "config": {
          "author": "InspireUI",
          "description": "All-in-one mobile solutions and services for Startups, Developers, Entrepreneurs & more…",
          "keywords": [
            "Flutter",
            "Dart",
            "SEO",
            "Meta",
            "Web",
            "FluxStore"
          ]
        }
      }
    ]
  },
  "overrideTranslation": {
    "@@locale": "en",
    "copyright": "Copyright © 2024 InspireUI Ltd. All rights reserved."
  }
}
