{"nm":"Oops","mn":"","layers":[{"ty":3,"mn":"","sr":1,"st":0,"op":82,"ip":40,"hd":false,"cl":"","ln":"","ddd":0,"bm":0,"tt":0,"hasMask":false,"td":0,"ao":0,"ks":{"a":{"a":0,"k":[8.701,2.442,0],"ix":1},"s":{"a":0,"k":[720,720,100],"ix":6},"sk":{"a":0,"k":0},"p":{"a":0,"k":[357.3216,184.9392,0],"ix":2},"sa":{"a":0,"k":0},"o":{"a":1,"k":[{"o":{"x":0.167,"y":0.167},"i":{"x":0.833,"y":0.833},"s":[0],"t":40},{"o":{"x":0.167,"y":0.167},"i":{"x":0.833,"y":0.833},"s":[100],"t":60}],"ix":11},"r":{"a":0,"k":0,"ix":10}},"ind":0},{"ty":3,"mn":"","sr":1,"st":0,"op":82,"ip":50,"hd":false,"cl":"","ln":"","ddd":0,"bm":0,"tt":0,"hasMask":false,"td":0,"ao":0,"ks":{"a":{"a":0,"k":[18.765,3.196,0],"ix":1},"s":{"a":0,"k":[720,720,100],"ix":6},"sk":{"a":0,"k":0},"p":{"a":0,"k":[357.228,541.4616000000001,0],"ix":2},"sa":{"a":0,"k":0},"o":{"a":1,"k":[{"o":{"x":0.167,"y":0.167},"i":{"x":0.833,"y":0.833},"s":[0],"t":50},{"o":{"x":0.167,"y":0.167},"i":{"x":0.833,"y":0.833},"s":[100],"t":60}],"ix":11},"r":{"a":0,"k":0,"ix":10}},"ind":1},{"ty":4,"nm":"Card contornos 3","mn":"","sr":1,"st":0,"op":82,"ip":0,"hd":false,"cl":"","ln":"","ddd":0,"bm":0,"tt":0,"hasMask":false,"td":1,"ao":0,"ks":{"a":{"a":0,"k":[27.75,32.75,0],"ix":1},"s":{"a":0,"k":[720,697.8456,100],"ix":6},"sk":{"a":0,"k":0},"p":{"a":0,"k":[357.5736,363.6,0],"ix":2},"sa":{"a":0,"k":0},"o":{"a":0,"k":100,"ix":11},"r":{"a":0,"k":0,"ix":10}},"ef":[],"shapes":[{"ty":"gr","bm":0,"cl":"","ln":"","hd":false,"mn":"ADBE Vector Group","nm":"Grupo 1","ix":1,"cix":2,"np":2,"it":[{"ty":"sh","bm":0,"cl":"","ln":"","hd":false,"mn":"ADBE Vector Shape - Group","nm":"Trazado 1","ix":1,"d":1,"ks":{"a":0,"k":{"c":true,"i":[[1.102,0],[0,0],[0,1.102],[0,0],[-1.102,0],[0,0],[0,-1.102],[0,0]],"o":[[0,0],[-1.102,0],[0,0],[0,-1.102],[0,0],[1.102,0],[0,0],[0,1.102]],"v":[[25.505,32.5],[-25.504,32.5],[-27.5,30.504],[-27.5,-30.504],[-25.504,-32.5],[25.505,-32.5],[27.5,-30.504],[27.5,30.504]]},"ix":2}},{"ty":"fl","bm":0,"cl":"","ln":"","hd":false,"mn":"ADBE Vector Graphic - Fill","nm":"Relleno 1","c":{"a":0,"k":[1,1,1],"ix":4},"r":1,"o":{"a":0,"k":100,"ix":5}},{"ty":"tr","a":{"a":0,"k":[0,0],"ix":1},"s":{"a":0,"k":[100,100],"ix":3},"sk":{"a":0,"k":0,"ix":4},"p":{"a":0,"k":[27.75,32.75],"ix":2},"r":{"a":0,"k":0,"ix":6},"sa":{"a":0,"k":0,"ix":5},"o":{"a":0,"k":100,"ix":7}}]}],"ind":2},{"ty":4,"nm":"NormalWater contornos","mn":"","sr":1,"st":0,"op":82,"ip":0,"hd":false,"cl":"","ln":"","ddd":0,"bm":0,"tt":1,"hasMask":false,"td":0,"ao":0,"ks":{"a":{"a":0,"k":[7.024,7.058,0],"ix":1},"s":{"a":0,"k":[100,100,100],"ix":6},"sk":{"a":0,"k":0},"p":{"a":0,"k":[17.122,10.501,0],"ix":2},"sa":{"a":0,"k":0},"o":{"a":1,"k":[{"o":{"x":0.167,"y":0.167},"i":{"x":0.833,"y":0.833},"s":[100],"t":48},{"o":{"x":0.167,"y":0.167},"i":{"x":0.833,"y":0.833},"s":[0],"t":61}],"ix":11},"r":{"a":0,"k":0,"ix":10}},"ef":[],"shapes":[{"ty":"gr","bm":0,"cl":"","ln":"","hd":false,"mn":"ADBE Vector Group","nm":"Grupo 2","ix":1,"cix":2,"np":2,"it":[{"ty":"sh","bm":0,"cl":"","ln":"","hd":false,"mn":"ADBE Vector Shape - Group","nm":"Trazado 1","ix":1,"d":1,"ks":{"a":1,"k":[{"o":{"x":0.333,"y":0},"i":{"x":0.667,"y":1},"s":[{"c":true,"i":[[0,0],[0,0],[0,0],[0,0],[0.211,2.17],[2.558,1.343]],"o":[[0,0],[0,0],[0,0],[0,0],[-0.223,-2.299],[-4.972,-2.611]],"v":[[-4.962,-6.808],[6.773,-4.077],[5.262,6.808],[-6.773,6.237],[-6.636,2.249],[-10.268,-4.086]]}],"t":20},{"o":{"x":0.333,"y":0},"i":{"x":0.667,"y":1},"s":[{"c":true,"i":[[0,0],[0,0],[0,0],[0,0],[0.006,2.111],[3.379,1.579]],"o":[[0,0],[0,0],[0,0],[0,0],[-0.007,-2.236],[-9.249,-4.508]],"v":[[-4.962,-6.808],[6.773,-4.077],[5.262,6.808],[-6.773,6.237],[-6.055,2.415],[-10.268,-4.086]]}],"t":28},{"o":{"x":0.333,"y":0},"i":{"x":0.667,"y":1},"s":[{"c":true,"i":[[0,0],[0,0],[0,0],[0,0],[0.744,2.901],[2.426,1.134]],"o":[[0,0],[0,0],[0,0],[0,0],[-0.436,-1.699],[-9.249,-4.508]],"v":[[-4.962,-6.808],[6.773,-4.077],[5.262,6.808],[-11.617,5.558],[-6.295,0.451],[-10.268,-4.086]]}],"t":31},{"o":{"x":0.333,"y":0},"i":{"x":0.667,"y":1},"s":[{"c":true,"i":[[0,0],[0,0],[0,0],[0,0],[0.744,2.901],[0.719,1.327]],"o":[[0,0],[0,0],[0,0],[0,0],[-0.436,-1.699],[1.165,-3.3]],"v":[[-4.962,-6.808],[6.773,-4.077],[5.262,6.808],[-11.617,5.558],[-10.311,0.434],[-7.731,-3.176]]}],"t":35},{"o":{"x":0.333,"y":0},"i":{"x":0.667,"y":1},"s":[{"c":true,"i":[[0,0],[0,0],[0,0],[0,0],[-2.732,1.228],[-2.955,-0.056]],"o":[[0,0],[0,0],[0,0],[0,0],[3.874,-1.742],[4.742,-3.319]],"v":[[1.217,-3.555],[6.773,-4.077],[5.262,6.808],[-23.676,4.758],[-10.311,0.434],[-3.384,-2.115]]}],"t":42},{"o":{"x":0.167,"y":0.167},"i":{"x":0.833,"y":0.833},"s":[{"c":true,"i":[[0,0],[0,0],[0,0],[0,0],[0,0],[-3.165,-0.262]],"o":[[0,0],[0,0],[0,0],[0,0],[0,0],[1.754,0.145]],"v":[[1.454,5.235],[5.347,5.444],[5.262,6.808],[-23.676,4.758],[-23.653,3.95],[-8.068,4.821]]}],"t":53}],"ix":2}},{"ty":"fl","bm":0,"cl":"","ln":"","hd":false,"mn":"ADBE Vector Graphic - Fill","nm":"Relleno 1","c":{"a":0,"k":[0.3294,0.7373,0.9098],"ix":4},"r":1,"o":{"a":0,"k":100,"ix":5}},{"ty":"tr","a":{"a":0,"k":[0,0],"ix":1},"s":{"a":0,"k":[100,100],"ix":3},"sk":{"a":0,"k":0,"ix":4},"p":{"a":0,"k":[7.024,7.058],"ix":2},"r":{"a":0,"k":0,"ix":6},"sa":{"a":0,"k":0,"ix":5},"o":{"a":0,"k":100,"ix":7}}]}],"ind":3,"parent":5},{"ty":4,"nm":"Card contornos 2","mn":"","sr":1,"st":0,"op":82,"ip":0,"hd":false,"cl":"","ln":"","ddd":0,"bm":0,"tt":0,"hasMask":false,"td":1,"ao":0,"ks":{"a":{"a":0,"k":[27.75,32.75,0],"ix":1},"s":{"a":0,"k":[720,697.8456,100],"ix":6},"sk":{"a":0,"k":0},"p":{"a":0,"k":[357.5736,363.6,0],"ix":2},"sa":{"a":0,"k":0},"o":{"a":0,"k":100,"ix":11},"r":{"a":0,"k":0,"ix":10}},"ef":[],"shapes":[{"ty":"gr","bm":0,"cl":"","ln":"","hd":false,"mn":"ADBE Vector Group","nm":"Grupo 1","ix":1,"cix":2,"np":2,"it":[{"ty":"sh","bm":0,"cl":"","ln":"","hd":false,"mn":"ADBE Vector Shape - Group","nm":"Trazado 1","ix":1,"d":1,"ks":{"a":0,"k":{"c":true,"i":[[1.102,0],[0,0],[0,1.102],[0,0],[-1.102,0],[0,0],[0,-1.102],[0,0]],"o":[[0,0],[-1.102,0],[0,0],[0,-1.102],[0,0],[1.102,0],[0,0],[0,1.102]],"v":[[25.505,32.5],[-25.504,32.5],[-27.5,30.504],[-27.5,-30.504],[-25.504,-32.5],[25.505,-32.5],[27.5,-30.504],[27.5,30.504]]},"ix":2}},{"ty":"fl","bm":0,"cl":"","ln":"","hd":false,"mn":"ADBE Vector Graphic - Fill","nm":"Relleno 1","c":{"a":0,"k":[1,1,1],"ix":4},"r":1,"o":{"a":0,"k":100,"ix":5}},{"ty":"tr","a":{"a":0,"k":[0,0],"ix":1},"s":{"a":0,"k":[100,100],"ix":3},"sk":{"a":0,"k":0,"ix":4},"p":{"a":0,"k":[27.75,32.75],"ix":2},"r":{"a":0,"k":0,"ix":6},"sa":{"a":0,"k":0,"ix":5},"o":{"a":0,"k":100,"ix":7}}]}],"ind":4},{"ty":4,"nm":"Coup contornos","mn":"","sr":1,"st":0,"op":82,"ip":0,"hd":false,"cl":"","ln":"","ddd":0,"bm":0,"tt":1,"hasMask":false,"td":0,"ao":0,"ks":{"a":{"a":0,"k":[13.097,9.372,0],"ix":1},"s":{"a":0,"k":[720,720,100],"ix":6},"sk":{"a":0,"k":0},"p":{"a":1,"k":[{"o":{"x":0.8,"y":0},"i":{"x":0.667,"y":1},"s":[398.87280000000004,21.758399999999998,0],"t":0},{"o":{"x":0,"y":0},"i":{"x":0,"y":1},"s":[398.87280000000004,367.3584,0],"t":28},{"o":{"x":0.9,"y":0},"i":{"x":0.667,"y":1},"s":[398.87280000000004,343.9584,0],"t":35},{"o":{"x":0.167,"y":0.167},"i":{"x":0.833,"y":0.833},"s":[398.87280000000004,383.5584,0],"t":44}],"ix":2},"sa":{"a":0,"k":0},"o":{"a":0,"k":100,"ix":11},"r":{"a":1,"k":[{"o":{"x":0.333,"y":0},"i":{"x":0.667,"y":1},"s":[54],"t":0},{"o":{"x":0.333,"y":0},"i":{"x":0.667,"y":1},"s":[54],"t":30},{"o":{"x":0.167,"y":0.167},"i":{"x":0.833,"y":0.833},"s":[0],"t":44}],"ix":10}},"ef":[],"shapes":[{"ty":"gr","bm":0,"cl":"","ln":"","hd":false,"mn":"ADBE Vector Group","nm":"Grupo 1","ix":1,"cix":2,"np":2,"it":[{"ty":"sh","bm":0,"cl":"","ln":"","hd":false,"mn":"ADBE Vector Shape - Group","nm":"Trazado 1","ix":1,"d":1,"ks":{"a":0,"k":{"c":true,"i":[[-0.252,-0.035],[0,0],[2.547,0.203],[0,0]],"o":[[0,0],[-3.139,0.936],[0,0],[0.035,-0.252]],"v":[[-4.352,-1.105],[5.077,0.204],[-5.077,0.751],[-4.872,-0.712]]},"ix":2}},{"ty":"fl","bm":0,"cl":"","ln":"","hd":false,"mn":"ADBE Vector Graphic - Fill","nm":"Relleno 1","c":{"a":0,"k":[0.9176,0.9569,0.9765],"ix":4},"r":1,"o":{"a":0,"k":100,"ix":5}},{"ty":"tr","a":{"a":0,"k":[0,0],"ix":1},"s":{"a":0,"k":[100,100],"ix":3},"sk":{"a":0,"k":0,"ix":4},"p":{"a":0,"k":[7.532,14.657],"ix":2},"r":{"a":0,"k":0,"ix":6},"sa":{"a":0,"k":0,"ix":5},"o":{"a":0,"k":100,"ix":7}}]},{"ty":"gr","bm":0,"cl":"","ln":"","hd":false,"mn":"ADBE Vector Group","nm":"Grupo 2","ix":2,"cix":2,"np":2,"it":[{"ty":"sh","bm":0,"cl":"","ln":"","hd":false,"mn":"ADBE Vector Shape - Group","nm":"Trazado 1","ix":1,"d":1,"ks":{"a":0,"k":{"c":true,"i":[[-0.627,-0.138],[0,0],[0.134,-0.971],[0,0],[3.616,0.21],[0,0]],"o":[[0,0],[1.018,0.232],[0,0],[-7.018,-6.235],[0,0],[0.085,-0.614]],"v":[[-10.234,-5.655],[10.279,-0.988],[11.842,1.138],[11.194,5.793],[-11.976,-1.839],[-11.566,-4.79]]},"ix":2}},{"ty":"fl","bm":0,"cl":"","ln":"","hd":false,"mn":"ADBE Vector Graphic - Fill","nm":"Relleno 1","c":{"a":0,"k":[0.7725,0.8275,0.8824],"ix":4},"r":1,"o":{"a":0,"k":100,"ix":5}},{"ty":"tr","a":{"a":0,"k":[0,0],"ix":1},"s":{"a":0,"k":[100,100],"ix":3},"sk":{"a":0,"k":0,"ix":4},"p":{"a":0,"k":[13.969,6.047],"ix":2},"r":{"a":0,"k":0,"ix":6},"sa":{"a":0,"k":0,"ix":5},"o":{"a":0,"k":100,"ix":7}}]},{"ty":"gr","bm":0,"cl":"","ln":"","hd":false,"mn":"ADBE Vector Group","nm":"Grupo 3","ix":3,"cix":2,"np":2,"it":[{"ty":"sh","bm":0,"cl":"","ln":"","hd":false,"mn":"ADBE Vector Shape - Group","nm":"Trazado 1","ix":1,"d":1,"ks":{"a":0,"k":{"c":true,"i":[[-0.632,-0.144],[0,0],[0.136,-0.973],[0,0],[1.043,0.055],[0,0],[-0.084,0.604],[0,0]],"o":[[0,0],[1.018,0.231],[0,0],[-0.134,0.973],[0,0],[-0.647,-0.034],[0,0],[0.084,-0.605]],"v":[[-9.359,-8.978],[11.154,-4.313],[12.712,-2.186],[11.373,7.445],[9.294,9.067],[-11.714,7.963],[-12.764,6.774],[-10.693,-8.12]]},"ix":2}},{"ty":"fl","bm":0,"cl":"","ln":"","hd":false,"mn":"ADBE Vector Graphic - Fill","nm":"Relleno 1","c":{"a":0,"k":[0.8353,0.898,0.949],"ix":4},"r":1,"o":{"a":0,"k":100,"ix":5}},{"ty":"tr","a":{"a":0,"k":[0,0],"ix":1},"s":{"a":0,"k":[100,100],"ix":3},"sk":{"a":0,"k":0,"ix":4},"p":{"a":0,"k":[13.097,9.372],"ix":2},"r":{"a":0,"k":0,"ix":6},"sa":{"a":0,"k":0,"ix":5},"o":{"a":0,"k":100,"ix":7}}]}],"ind":5},{"ty":4,"nm":"Card contornos 4","mn":"","sr":1,"st":0,"op":82,"ip":0,"hd":false,"cl":"","ln":"","ddd":0,"bm":0,"tt":0,"hasMask":false,"td":1,"ao":0,"ks":{"a":{"a":0,"k":[27.75,32.75,0],"ix":1},"s":{"a":0,"k":[720,697.8456,100],"ix":6},"sk":{"a":0,"k":0},"p":{"a":0,"k":[357.5736,363.6,0],"ix":2},"sa":{"a":0,"k":0},"o":{"a":0,"k":100,"ix":11},"r":{"a":0,"k":0,"ix":10}},"ef":[],"shapes":[{"ty":"gr","bm":0,"cl":"","ln":"","hd":false,"mn":"ADBE Vector Group","nm":"Grupo 1","ix":1,"cix":2,"np":2,"it":[{"ty":"sh","bm":0,"cl":"","ln":"","hd":false,"mn":"ADBE Vector Shape - Group","nm":"Trazado 1","ix":1,"d":1,"ks":{"a":0,"k":{"c":true,"i":[[1.102,0],[0,0],[0,1.102],[0,0],[-1.102,0],[0,0],[0,-1.102],[0,0]],"o":[[0,0],[-1.102,0],[0,0],[0,-1.102],[0,0],[1.102,0],[0,0],[0,1.102]],"v":[[25.505,32.5],[-25.504,32.5],[-27.5,30.504],[-27.5,-30.504],[-25.504,-32.5],[25.505,-32.5],[27.5,-30.504],[27.5,30.504]]},"ix":2}},{"ty":"fl","bm":0,"cl":"","ln":"","hd":false,"mn":"ADBE Vector Graphic - Fill","nm":"Relleno 1","c":{"a":0,"k":[1,1,1],"ix":4},"r":1,"o":{"a":0,"k":100,"ix":5}},{"ty":"tr","a":{"a":0,"k":[0,0],"ix":1},"s":{"a":0,"k":[100,100],"ix":3},"sk":{"a":0,"k":0,"ix":4},"p":{"a":0,"k":[27.75,32.75],"ix":2},"r":{"a":0,"k":0,"ix":6},"sa":{"a":0,"k":0,"ix":5},"o":{"a":0,"k":100,"ix":7}}]}],"ind":6},{"ty":4,"nm":"Shadow contornos","mn":"","sr":1,"st":0,"op":82,"ip":0,"hd":false,"cl":"","ln":"","ddd":0,"bm":0,"tt":1,"hasMask":false,"td":0,"ao":0,"ks":{"a":{"a":0,"k":[20.75,3.25,0],"ix":1},"s":{"a":1,"k":[{"o":{"x":0.167,"y":0.167},"i":{"x":0.833,"y":0.833},"s":[1188,720,100],"t":0},{"o":{"x":0.167,"y":0.167},"i":{"x":0.833,"y":0.833},"s":[720,720,100],"t":20}],"ix":6},"sk":{"a":0,"k":0},"p":{"a":0,"k":[357.5736,453.6,0],"ix":2},"sa":{"a":0,"k":0},"o":{"a":1,"k":[{"o":{"x":0.167,"y":0.167},"i":{"x":0.833,"y":0.833},"s":[10],"t":0},{"o":{"x":0.167,"y":0.167},"i":{"x":0.833,"y":0.833},"s":[100],"t":30}],"ix":11},"r":{"a":0,"k":0,"ix":10}},"ef":[],"shapes":[{"ty":"gr","bm":0,"cl":"","ln":"","hd":false,"mn":"ADBE Vector Group","nm":"Grupo 1","ix":1,"cix":2,"np":2,"it":[{"ty":"sh","bm":0,"cl":"","ln":"","hd":false,"mn":"ADBE Vector Shape - Group","nm":"Trazado 1","ix":1,"d":1,"ks":{"a":0,"k":{"c":true,"i":[[0,-1.657],[11.322,0],[0,1.657],[-11.322,0]],"o":[[0,1.657],[-11.322,0],[0,-1.657],[11.322,0]],"v":[[20.5,0],[0,3],[-20.5,0],[0,-3]]},"ix":2}},{"ty":"fl","bm":0,"cl":"","ln":"","hd":false,"mn":"ADBE Vector Graphic - Fill","nm":"Relleno 1","c":{"a":0,"k":[0.8784,0.8784,0.8784],"ix":4},"r":1,"o":{"a":0,"k":100,"ix":5}},{"ty":"tr","a":{"a":0,"k":[0,0],"ix":1},"s":{"a":0,"k":[100,100],"ix":3},"sk":{"a":0,"k":0,"ix":4},"p":{"a":0,"k":[20.75,3.25],"ix":2},"r":{"a":0,"k":0,"ix":6},"sa":{"a":0,"k":0,"ix":5},"o":{"a":0,"k":100,"ix":7}}]}],"ind":7},{"ty":3,"mn":"","sr":1,"st":0,"op":82,"ip":0,"hd":false,"cl":"","ln":"","ddd":0,"bm":0,"tt":0,"hasMask":false,"td":0,"ao":0,"ks":{"a":{"a":0,"k":[27.75,32.75,0],"ix":1},"s":{"a":0,"k":[720,720,100],"ix":6},"sk":{"a":0,"k":0},"p":{"a":0,"k":[357.5736,363.6,0],"ix":2},"sa":{"a":0,"k":0},"o":{"a":0,"k":100,"ix":11},"r":{"a":0,"k":0,"ix":10}},"ind":8}],"ddd":0,"h":720,"w":720,"meta":{"a":"","k":"","d":"","g":"@lottiefiles/toolkit-js 0.21.1","tc":"#ffffff"},"v":"5.1.16","fr":30,"op":81,"ip":0,"assets":[]}